{
    "counter": {
        "ACTIVE": 43929,
        "INACTIVE": 11,
        "INVALID": 0,
        "MALICIOUS": 0,
        "SANE": 0,
        "VALID": 0,
        "total": 43940
    },
    "percentage": {
        "ACTIVE": 99.97496586253983,
        "INACTIVE": 0.025034137460172964,
        "INVALID": 0.0,
        "MALICIOUS": 0.0,
        "SANE": 0.0,
        "VALID": 0.0,
        "total": 100.0
    }
}