{
    "counter": {
        "ACTIVE": 41758,
        "INACTIVE": 17,
        "INVALID": 0,
        "MALICIOUS": 0,
        "SANE": 0,
        "VALID": 0,
        "total": 41775
    },
    "percentage": {
        "ACTIVE": 99.95930580490725,
        "INACTIVE": 0.040694195092758824,
        "INVALID": 0.0,
        "MALICIOUS": 0.0,
        "SANE": 0.0,
        "VALID": 0.0,
        "total": 100.0
    }
}