{
    "counter": {
        "ACTIVE": 41497,
        "INACTIVE": 7,
        "INVALID": 0,
        "MALICIOUS": 0,
        "SANE": 0,
        "VALID": 0,
        "total": 41504
    },
    "percentage": {
        "ACTIVE": 99.98313415574403,
        "INACTIVE": 0.01686584425597533,
        "INVALID": 0.0,
        "MALICIOUS": 0.0,
        "SANE": 0.0,
        "VALID": 0.0,
        "total": 100.0
    }
}