{
    "counter": {
        "ACTIVE": 32054,
        "INACTIVE": 1,
        "INVALID": 0,
        "MALICIOUS": 0,
        "SANE": 0,
        "VALID": 0,
        "total": 32055
    },
    "percentage": {
        "ACTIVE": 99.99688036187803,
        "INACTIVE": 0.0031196381219778507,
        "INVALID": 0.0,
        "MALICIOUS": 0.0,
        "SANE": 0.0,
        "VALID": 0.0,
        "total": 100.0
    }
}