{
    "counter": {
        "ACTIVE": 33030,
        "INACTIVE": 6,
        "INVALID": 0,
        "MALICIOUS": 0,
        "SANE": 0,
        "VALID": 0,
        "total": 33036
    },
    "percentage": {
        "ACTIVE": 99.98183799491464,
        "INACTIVE": 0.018162005085361425,
        "INVALID": 0.0,
        "MALICIOUS": 0.0,
        "SANE": 0.0,
        "VALID": 0.0,
        "total": 100.0
    }
}