{
    "counter": {
        "ACTIVE": 32183,
        "INACTIVE": 5,
        "INVALID": 0,
        "MALICIOUS": 0,
        "SANE": 0,
        "VALID": 0,
        "total": 32188
    },
    "percentage": {
        "ACTIVE": 99.98446626071828,
        "INACTIVE": 0.015533739281719895,
        "INVALID": 0.0,
        "MALICIOUS": 0.0,
        "SANE": 0.0,
        "VALID": 0.0,
        "total": 100.0
    }
}