{
    "counter": {
        "ACTIVE": 43906,
        "INACTIVE": 1,
        "INVALID": 0,
        "MALICIOUS": 0,
        "SANE": 0,
        "VALID": 0,
        "total": 43907
    },
    "percentage": {
        "ACTIVE": 99.99772245883344,
        "INACTIVE": 0.0022775411665565855,
        "INVALID": 0.0,
        "MALICIOUS": 0.0,
        "SANE": 0.0,
        "VALID": 0.0,
        "total": 100.0
    }
}