{
    "counter": {
        "ACTIVE": 41633,
        "INACTIVE": 61,
        "INVALID": 0,
        "MALICIOUS": 0,
        "SANE": 0,
        "VALID": 0,
        "total": 41694
    },
    "percentage": {
        "ACTIVE": 99.85369597544012,
        "INACTIVE": 0.14630402455988872,
        "INVALID": 0.0,
        "MALICIOUS": 0.0,
        "SANE": 0.0,
        "VALID": 0.0,
        "total": 100.0
    }
}