{
    "counter": {
        "ACTIVE": 42200,
        "INACTIVE": 44,
        "INVALID": 0,
        "MALICIOUS": 0,
        "SANE": 0,
        "VALID": 0,
        "total": 42244
    },
    "percentage": {
        "ACTIVE": 99.89584319666699,
        "INACTIVE": 0.1041568033330177,
        "INVALID": 0.0,
        "MALICIOUS": 0.0,
        "SANE": 0.0,
        "VALID": 0.0,
        "total": 100.0
    }
}