{
    "counter": {
        "ACTIVE": 41902,
        "INACTIVE": 12,
        "INVALID": 0,
        "MALICIOUS": 0,
        "SANE": 0,
        "VALID": 0,
        "total": 41914
    },
    "percentage": {
        "ACTIVE": 99.97136994798873,
        "INACTIVE": 0.028630052011261155,
        "INVALID": 0.0,
        "MALICIOUS": 0.0,
        "SANE": 0.0,
        "VALID": 0.0,
        "total": 100.0
    }
}