{
    "counter": {
        "ACTIVE": 33036,
        "INACTIVE": 12,
        "INVALID": 0,
        "MALICIOUS": 0,
        "SANE": 0,
        "VALID": 0,
        "total": 33048
    },
    "percentage": {
        "ACTIVE": 99.96368917937545,
        "INACTIVE": 0.03631082062454612,
        "INVALID": 0.0,
        "MALICIOUS": 0.0,
        "SANE": 0.0,
        "VALID": 0.0,
        "total": 100.0
    }
}