{
    "counter": {
        "ACTIVE": 26322,
        "INACTIVE": 8,
        "INVALID": 0,
        "MALICIOUS": 0,
        "SANE": 0,
        "VALID": 0,
        "total": 26330
    },
    "percentage": {
        "ACTIVE": 99.96961640714015,
        "INACTIVE": 0.030383592859855677,
        "INVALID": 0.0,
        "MALICIOUS": 0.0,
        "SANE": 0.0,
        "VALID": 0.0,
        "total": 100.0
    }
}