{
    "counter": {
        "ACTIVE": 41773,
        "INACTIVE": 41,
        "INVALID": 0,
        "MALICIOUS": 0,
        "SANE": 0,
        "VALID": 0,
        "total": 41814
    },
    "percentage": {
        "ACTIVE": 99.90194671641078,
        "INACTIVE": 0.09805328358922849,
        "INVALID": 0.0,
        "MALICIOUS": 0.0,
        "SANE": 0.0,
        "VALID": 0.0,
        "total": 100.0
    }
}