{
    "counter": {
        "ACTIVE": 44025,
        "INACTIVE": 4,
        "INVALID": 0,
        "MALICIOUS": 0,
        "SANE": 0,
        "VALID": 0,
        "total": 44029
    },
    "percentage": {
        "ACTIVE": 99.99091507869814,
        "INACTIVE": 0.009084921301869223,
        "INVALID": 0.0,
        "MALICIOUS": 0.0,
        "SANE": 0.0,
        "VALID": 0.0,
        "total": 100.0
    }
}