{
    "counter": {
        "ACTIVE": 41537,
        "INACTIVE": 5,
        "INVALID": 0,
        "MALICIOUS": 0,
        "SANE": 0,
        "VALID": 0,
        "total": 41542
    },
    "percentage": {
        "ACTIVE": 99.98796398825286,
        "INACTIVE": 0.012036011747147465,
        "INVALID": 0.0,
        "MALICIOUS": 0.0,
        "SANE": 0.0,
        "VALID": 0.0,
        "total": 100.0
    }
}