{
    "counter": {
        "ACTIVE": 41485,
        "INACTIVE": 8,
        "INVALID": 0,
        "MALICIOUS": 0,
        "SANE": 0,
        "VALID": 0,
        "total": 41493
    },
    "percentage": {
        "ACTIVE": 99.98071963945726,
        "INACTIVE": 0.01928036054274215,
        "INVALID": 0.0,
        "MALICIOUS": 0.0,
        "SANE": 0.0,
        "VALID": 0.0,
        "total": 100.0
    }
}