{
    "counter": {
        "ACTIVE": 43893,
        "INACTIVE": 1,
        "INVALID": 0,
        "MALICIOUS": 0,
        "SANE": 0,
        "VALID": 0,
        "total": 43894
    },
    "percentage": {
        "ACTIVE": 99.99772178429853,
        "INACTIVE": 0.0022782157014626147,
        "INVALID": 0.0,
        "MALICIOUS": 0.0,
        "SANE": 0.0,
        "VALID": 0.0,
        "total": 100.0
    }
}