{
    "counter": {
        "ACTIVE": 39075,
        "INACTIVE": 1,
        "INVALID": 0,
        "MALICIOUS": 0,
        "SANE": 0,
        "VALID": 0,
        "total": 39076
    },
    "percentage": {
        "ACTIVE": 99.99744088443035,
        "INACTIVE": 0.0025591155696591257,
        "INVALID": 0.0,
        "MALICIOUS": 0.0,
        "SANE": 0.0,
        "VALID": 0.0,
        "total": 100.0
    }
}