{
    "counter": {
        "ACTIVE": 43990,
        "INACTIVE": 6,
        "INVALID": 0,
        "MALICIOUS": 0,
        "SANE": 0,
        "VALID": 0,
        "total": 43996
    },
    "percentage": {
        "ACTIVE": 99.98636239658151,
        "INACTIVE": 0.01363760341849259,
        "INVALID": 0.0,
        "MALICIOUS": 0.0,
        "SANE": 0.0,
        "VALID": 0.0,
        "total": 100.0
    }
}