{
    "counter": {
        "ACTIVE": 41524,
        "INACTIVE": 1,
        "INVALID": 0,
        "MALICIOUS": 0,
        "SANE": 0,
        "VALID": 0,
        "total": 41525
    },
    "percentage": {
        "ACTIVE": 99.99759181216135,
        "INACTIVE": 0.002408187838651415,
        "INVALID": 0.0,
        "MALICIOUS": 0.0,
        "SANE": 0.0,
        "VALID": 0.0,
        "total": 100.0
    }
}