{
    "counter": {
        "ACTIVE": 35084,
        "INACTIVE": 6,
        "INVALID": 0,
        "MALICIOUS": 0,
        "SANE": 0,
        "VALID": 0,
        "total": 35090
    },
    "percentage": {
        "ACTIVE": 99.98290111142775,
        "INACTIVE": 0.017098888572242805,
        "INVALID": 0.0,
        "MALICIOUS": 0.0,
        "SANE": 0.0,
        "VALID": 0.0,
        "total": 100.0
    }
}