{
    "counter": {
        "ACTIVE": 42287,
        "INACTIVE": 18,
        "INVALID": 0,
        "MALICIOUS": 0,
        "SANE": 0,
        "VALID": 0,
        "total": 42305
    },
    "percentage": {
        "ACTIVE": 99.95745183784423,
        "INACTIVE": 0.04254816215577355,
        "INVALID": 0.0,
        "MALICIOUS": 0.0,
        "SANE": 0.0,
        "VALID": 0.0,
        "total": 100.0
    }
}