{
    "counter": {
        "ACTIVE": 43965,
        "INACTIVE": 3,
        "INVALID": 0,
        "MALICIOUS": 0,
        "SANE": 0,
        "VALID": 0,
        "total": 43968
    },
    "percentage": {
        "ACTIVE": 99.9931768558952,
        "INACTIVE": 0.006823144104803494,
        "INVALID": 0.0,
        "MALICIOUS": 0.0,
        "SANE": 0.0,
        "VALID": 0.0,
        "total": 100.0
    }
}