{
    "counter": {
        "ACTIVE": 41912,
        "INACTIVE": 30,
        "INVALID": 0,
        "MALICIOUS": 0,
        "SANE": 0,
        "VALID": 0,
        "total": 41942
    },
    "percentage": {
        "ACTIVE": 99.92847265271088,
        "INACTIVE": 0.07152734728911354,
        "INVALID": 0.0,
        "MALICIOUS": 0.0,
        "SANE": 0.0,
        "VALID": 0.0,
        "total": 100.0
    }
}