{
    "counter": {
        "ACTIVE": 47632,
        "INACTIVE": 965,
        "INVALID": 0,
        "MALICIOUS": 0,
        "SANE": 0,
        "VALID": 0,
        "total": 48597
    },
    "percentage": {
        "ACTIVE": 98.01428071691669,
        "INACTIVE": 1.985719283083318,
        "INVALID": 0.0,
        "MALICIOUS": 0.0,
        "SANE": 0.0,
        "VALID": 0.0,
        "total": 100.0
    }
}