{
    "counter": {
        "ACTIVE": 34441,
        "INACTIVE": 22,
        "INVALID": 0,
        "MALICIOUS": 0,
        "SANE": 0,
        "VALID": 0,
        "total": 34463
    },
    "percentage": {
        "ACTIVE": 99.9361634216406,
        "INACTIVE": 0.06383657835939993,
        "INVALID": 0.0,
        "MALICIOUS": 0.0,
        "SANE": 0.0,
        "VALID": 0.0,
        "total": 100.0
    }
}