{
    "counter": {
        "ACTIVE": 43882,
        "INACTIVE": 3,
        "INVALID": 0,
        "MALICIOUS": 0,
        "SANE": 0,
        "VALID": 0,
        "total": 43885
    },
    "percentage": {
        "ACTIVE": 99.99316395123618,
        "INACTIVE": 0.006836048763814515,
        "INVALID": 0.0,
        "MALICIOUS": 0.0,
        "SANE": 0.0,
        "VALID": 0.0,
        "total": 100.0
    }
}