{
    "counter": {
        "ACTIVE": 43972,
        "INACTIVE": 2,
        "INVALID": 0,
        "MALICIOUS": 0,
        "SANE": 0,
        "VALID": 0,
        "total": 43974
    },
    "percentage": {
        "ACTIVE": 99.99545185791604,
        "INACTIVE": 0.004548142083958703,
        "INVALID": 0.0,
        "MALICIOUS": 0.0,
        "SANE": 0.0,
        "VALID": 0.0,
        "total": 100.0
    }
}