{
    "counter": {
        "ACTIVE": 43612,
        "INACTIVE": 1,
        "INVALID": 0,
        "MALICIOUS": 0,
        "SANE": 0,
        "VALID": 0,
        "total": 43613
    },
    "percentage": {
        "ACTIVE": 99.9977071056795,
        "INACTIVE": 0.002292894320500768,
        "INVALID": 0.0,
        "MALICIOUS": 0.0,
        "SANE": 0.0,
        "VALID": 0.0,
        "total": 100.0
    }
}