{
    "counter": {
        "ACTIVE": 30809,
        "INACTIVE": 41,
        "INVALID": 0,
        "MALICIOUS": 0,
        "SANE": 0,
        "VALID": 0,
        "total": 30850
    },
    "percentage": {
        "ACTIVE": 99.86709886547813,
        "INACTIVE": 0.13290113452188007,
        "INVALID": 0.0,
        "MALICIOUS": 0.0,
        "SANE": 0.0,
        "VALID": 0.0,
        "total": 100.0
    }
}