{
    "counter": {
        "ACTIVE": 37540,
        "INACTIVE": 1,
        "INVALID": 0,
        "MALICIOUS": 0,
        "SANE": 0,
        "VALID": 0,
        "total": 37541
    },
    "percentage": {
        "ACTIVE": 99.9973362457047,
        "INACTIVE": 0.0026637542953038013,
        "INVALID": 0.0,
        "MALICIOUS": 0.0,
        "SANE": 0.0,
        "VALID": 0.0,
        "total": 100.0
    }
}