{
    "counter": {
        "ACTIVE": 43998,
        "INACTIVE": 9,
        "INVALID": 0,
        "MALICIOUS": 0,
        "SANE": 0,
        "VALID": 0,
        "total": 44007
    },
    "percentage": {
        "ACTIVE": 99.97954870816007,
        "INACTIVE": 0.020451291839934556,
        "INVALID": 0.0,
        "MALICIOUS": 0.0,
        "SANE": 0.0,
        "VALID": 0.0,
        "total": 100.0
    }
}