{
    "counter": {
        "ACTIVE": 43985,
        "INACTIVE": 8,
        "INVALID": 0,
        "MALICIOUS": 0,
        "SANE": 0,
        "VALID": 0,
        "total": 43993
    },
    "percentage": {
        "ACTIVE": 99.98181528879594,
        "INACTIVE": 0.018184711204055192,
        "INVALID": 0.0,
        "MALICIOUS": 0.0,
        "SANE": 0.0,
        "VALID": 0.0,
        "total": 100.0
    }
}