{
    "counter": {
        "ACTIVE": 29017,
        "INACTIVE": 25,
        "INVALID": 0,
        "MALICIOUS": 0,
        "SANE": 0,
        "VALID": 0,
        "total": 29042
    },
    "percentage": {
        "ACTIVE": 99.91391777425797,
        "INACTIVE": 0.08608222574202878,
        "INVALID": 0.0,
        "MALICIOUS": 0.0,
        "SANE": 0.0,
        "VALID": 0.0,
        "total": 100.0
    }
}