{
    "counter": {
        "ACTIVE": 33786,
        "INACTIVE": 58,
        "INVALID": 0,
        "MALICIOUS": 0,
        "SANE": 0,
        "VALID": 0,
        "total": 33844
    },
    "percentage": {
        "ACTIVE": 99.82862545798369,
        "INACTIVE": 0.17137454201631014,
        "INVALID": 0.0,
        "MALICIOUS": 0.0,
        "SANE": 0.0,
        "VALID": 0.0,
        "total": 100.0
    }
}