{
    "counter": {
        "ACTIVE": 32203,
        "INACTIVE": 30,
        "INVALID": 0,
        "MALICIOUS": 0,
        "SANE": 0,
        "VALID": 0,
        "total": 32233
    },
    "percentage": {
        "ACTIVE": 99.90692768280954,
        "INACTIVE": 0.09307231719045699,
        "INVALID": 0.0,
        "MALICIOUS": 0.0,
        "SANE": 0.0,
        "VALID": 0.0,
        "total": 100.0
    }
}