{
    "counter": {
        "ACTIVE": 42024,
        "INACTIVE": 29,
        "INVALID": 0,
        "MALICIOUS": 0,
        "SANE": 0,
        "VALID": 0,
        "total": 42053
    },
    "percentage": {
        "ACTIVE": 99.93103940265856,
        "INACTIVE": 0.06896059734145008,
        "INVALID": 0.0,
        "MALICIOUS": 0.0,
        "SANE": 0.0,
        "VALID": 0.0,
        "total": 100.0
    }
}