{
    "counter": {
        "ACTIVE": 31647,
        "INACTIVE": 1,
        "INVALID": 0,
        "MALICIOUS": 0,
        "SANE": 0,
        "VALID": 0,
        "total": 31648
    },
    "percentage": {
        "ACTIVE": 99.99684024266936,
        "INACTIVE": 0.003159757330637007,
        "INVALID": 0.0,
        "MALICIOUS": 0.0,
        "SANE": 0.0,
        "VALID": 0.0,
        "total": 100.0
    }
}