{
    "counter": {
        "ACTIVE": 44009,
        "INACTIVE": 14,
        "INVALID": 0,
        "MALICIOUS": 0,
        "SANE": 0,
        "VALID": 0,
        "total": 44023
    },
    "percentage": {
        "ACTIVE": 99.96819844172364,
        "INACTIVE": 0.03180155827635554,
        "INVALID": 0.0,
        "MALICIOUS": 0.0,
        "SANE": 0.0,
        "VALID": 0.0,
        "total": 100.0
    }
}