{
    "counter": {
        "ACTIVE": 30193,
        "INACTIVE": 12,
        "INVALID": 0,
        "MALICIOUS": 0,
        "SANE": 0,
        "VALID": 0,
        "total": 30205
    },
    "percentage": {
        "ACTIVE": 99.96027147823209,
        "INACTIVE": 0.03972852176791922,
        "INVALID": 0.0,
        "MALICIOUS": 0.0,
        "SANE": 0.0,
        "VALID": 0.0,
        "total": 100.0
    }
}