{
    "counter": {
        "ACTIVE": 43926,
        "INACTIVE": 3,
        "INVALID": 0,
        "MALICIOUS": 0,
        "SANE": 0,
        "VALID": 0,
        "total": 43929
    },
    "percentage": {
        "ACTIVE": 99.99317079833368,
        "INACTIVE": 0.006829201666325207,
        "INVALID": 0.0,
        "MALICIOUS": 0.0,
        "SANE": 0.0,
        "VALID": 0.0,
        "total": 100.0
    }
}