{
    "counter": {
        "ACTIVE": 31034,
        "INACTIVE": 2,
        "INVALID": 0,
        "MALICIOUS": 0,
        "SANE": 0,
        "VALID": 0,
        "total": 31036
    },
    "percentage": {
        "ACTIVE": 99.99355587060188,
        "INACTIVE": 0.006444129398118314,
        "INVALID": 0.0,
        "MALICIOUS": 0.0,
        "SANE": 0.0,
        "VALID": 0.0,
        "total": 100.0
    }
}