{
    "counter": {
        "ACTIVE": 43992,
        "INACTIVE": 2,
        "INVALID": 0,
        "MALICIOUS": 0,
        "SANE": 0,
        "VALID": 0,
        "total": 43994
    },
    "percentage": {
        "ACTIVE": 99.9954539255353,
        "INACTIVE": 0.004546074464699732,
        "INVALID": 0.0,
        "MALICIOUS": 0.0,
        "SANE": 0.0,
        "VALID": 0.0,
        "total": 100.0
    }
}