{
    "counter": {
        "ACTIVE": 33729,
        "INACTIVE": 11,
        "INVALID": 0,
        "MALICIOUS": 0,
        "SANE": 0,
        "VALID": 0,
        "total": 33740
    },
    "percentage": {
        "ACTIVE": 99.96739774748073,
        "INACTIVE": 0.03260225251926497,
        "INVALID": 0.0,
        "MALICIOUS": 0.0,
        "SANE": 0.0,
        "VALID": 0.0,
        "total": 100.0
    }
}