{
    "counter": {
        "ACTIVE": 30752,
        "INACTIVE": 1,
        "INVALID": 0,
        "MALICIOUS": 0,
        "SANE": 0,
        "VALID": 0,
        "total": 30753
    },
    "percentage": {
        "ACTIVE": 99.99674828472018,
        "INACTIVE": 0.0032517152798100996,
        "INVALID": 0.0,
        "MALICIOUS": 0.0,
        "SANE": 0.0,
        "VALID": 0.0,
        "total": 100.0
    }
}