{
    "counter": {
        "ACTIVE": 41541,
        "INACTIVE": 1,
        "INVALID": 0,
        "MALICIOUS": 0,
        "SANE": 0,
        "VALID": 0,
        "total": 41542
    },
    "percentage": {
        "ACTIVE": 99.99759279765057,
        "INACTIVE": 0.002407202349429493,
        "INVALID": 0.0,
        "MALICIOUS": 0.0,
        "SANE": 0.0,
        "VALID": 0.0,
        "total": 100.0
    }
}