{
    "counter": {
        "ACTIVE": 43624,
        "INACTIVE": 1,
        "INVALID": 0,
        "MALICIOUS": 0,
        "SANE": 0,
        "VALID": 0,
        "total": 43625
    },
    "percentage": {
        "ACTIVE": 99.99770773638969,
        "INACTIVE": 0.002292263610315186,
        "INVALID": 0.0,
        "MALICIOUS": 0.0,
        "SANE": 0.0,
        "VALID": 0.0,
        "total": 100.0
    }
}