{
    "counter": {
        "ACTIVE": 37692,
        "INACTIVE": 1,
        "INVALID": 0,
        "MALICIOUS": 0,
        "SANE": 0,
        "VALID": 0,
        "total": 37693
    },
    "percentage": {
        "ACTIVE": 99.99734698750432,
        "INACTIVE": 0.0026530124956888547,
        "INVALID": 0.0,
        "MALICIOUS": 0.0,
        "SANE": 0.0,
        "VALID": 0.0,
        "total": 100.0
    }
}