{
    "counter": {
        "ACTIVE": 41484,
        "INACTIVE": 3,
        "INVALID": 0,
        "MALICIOUS": 0,
        "SANE": 0,
        "VALID": 0,
        "total": 41487
    },
    "percentage": {
        "ACTIVE": 99.99276881914817,
        "INACTIVE": 0.007231180851833104,
        "INVALID": 0.0,
        "MALICIOUS": 0.0,
        "SANE": 0.0,
        "VALID": 0.0,
        "total": 100.0
    }
}