{
    "counter": {
        "ACTIVE": 41493,
        "INACTIVE": 1,
        "INVALID": 0,
        "MALICIOUS": 0,
        "SANE": 0,
        "VALID": 0,
        "total": 41494
    },
    "percentage": {
        "ACTIVE": 99.99759001301393,
        "INACTIVE": 0.002409986986070275,
        "INVALID": 0.0,
        "MALICIOUS": 0.0,
        "SANE": 0.0,
        "VALID": 0.0,
        "total": 100.0
    }
}