{
    "counter": {
        "ACTIVE": 42014,
        "INACTIVE": 29,
        "INVALID": 0,
        "MALICIOUS": 0,
        "SANE": 0,
        "VALID": 0,
        "total": 42043
    },
    "percentage": {
        "ACTIVE": 99.93102300026163,
        "INACTIVE": 0.0689769997383631,
        "INVALID": 0.0,
        "MALICIOUS": 0.0,
        "SANE": 0.0,
        "VALID": 0.0,
        "total": 100.0
    }
}