{
    "counter": {
        "ACTIVE": 41534,
        "INACTIVE": 1,
        "INVALID": 0,
        "MALICIOUS": 0,
        "SANE": 0,
        "VALID": 0,
        "total": 41535
    },
    "percentage": {
        "ACTIVE": 99.99759239195859,
        "INACTIVE": 0.002407608041410858,
        "INVALID": 0.0,
        "MALICIOUS": 0.0,
        "SANE": 0.0,
        "VALID": 0.0,
        "total": 100.0
    }
}