{
    "counter": {
        "ACTIVE": 43977,
        "INACTIVE": 4,
        "INVALID": 0,
        "MALICIOUS": 0,
        "SANE": 0,
        "VALID": 0,
        "total": 43981
    },
    "percentage": {
        "ACTIVE": 99.99090516359337,
        "INACTIVE": 0.009094836406630136,
        "INVALID": 0.0,
        "MALICIOUS": 0.0,
        "SANE": 0.0,
        "VALID": 0.0,
        "total": 100.0
    }
}