{
    "counter": {
        "ACTIVE": 33857,
        "INACTIVE": 4,
        "INVALID": 0,
        "MALICIOUS": 0,
        "SANE": 0,
        "VALID": 0,
        "total": 33861
    },
    "percentage": {
        "ACTIVE": 99.98818699979327,
        "INACTIVE": 0.011813000206727504,
        "INVALID": 0.0,
        "MALICIOUS": 0.0,
        "SANE": 0.0,
        "VALID": 0.0,
        "total": 100.0
    }
}