{
    "counter": {
        "ACTIVE": 41503,
        "INACTIVE": 5,
        "INVALID": 0,
        "MALICIOUS": 0,
        "SANE": 0,
        "VALID": 0,
        "total": 41508
    },
    "percentage": {
        "ACTIVE": 99.98795412932446,
        "INACTIVE": 0.012045870675532427,
        "INVALID": 0.0,
        "MALICIOUS": 0.0,
        "SANE": 0.0,
        "VALID": 0.0,
        "total": 100.0
    }
}