{
    "counter": {
        "ACTIVE": 43930,
        "INACTIVE": 15,
        "INVALID": 0,
        "MALICIOUS": 0,
        "SANE": 0,
        "VALID": 0,
        "total": 43945
    },
    "percentage": {
        "ACTIVE": 99.96586642393902,
        "INACTIVE": 0.03413357606098532,
        "INVALID": 0.0,
        "MALICIOUS": 0.0,
        "SANE": 0.0,
        "VALID": 0.0,
        "total": 100.0
    }
}