{
    "counter": {
        "ACTIVE": 42029,
        "INACTIVE": 33,
        "INVALID": 0,
        "MALICIOUS": 0,
        "SANE": 0,
        "VALID": 0,
        "total": 42062
    },
    "percentage": {
        "ACTIVE": 99.92154438685749,
        "INACTIVE": 0.07845561314250392,
        "INVALID": 0.0,
        "MALICIOUS": 0.0,
        "SANE": 0.0,
        "VALID": 0.0,
        "total": 100.0
    }
}