{
    "counter": {
        "ACTIVE": 41534,
        "INACTIVE": 4,
        "INVALID": 0,
        "MALICIOUS": 0,
        "SANE": 0,
        "VALID": 0,
        "total": 41538
    },
    "percentage": {
        "ACTIVE": 99.9903702633733,
        "INACTIVE": 0.00962973662670326,
        "INVALID": 0.0,
        "MALICIOUS": 0.0,
        "SANE": 0.0,
        "VALID": 0.0,
        "total": 100.0
    }
}