{
    "counter": {
        "ACTIVE": 29377,
        "INACTIVE": 31,
        "INVALID": 0,
        "MALICIOUS": 0,
        "SANE": 0,
        "VALID": 0,
        "total": 29408
    },
    "percentage": {
        "ACTIVE": 99.8945865070729,
        "INACTIVE": 0.10541349292709466,
        "INVALID": 0.0,
        "MALICIOUS": 0.0,
        "SANE": 0.0,
        "VALID": 0.0,
        "total": 100.0
    }
}