{
    "counter": {
        "ACTIVE": 29363,
        "INACTIVE": 6,
        "INVALID": 0,
        "MALICIOUS": 0,
        "SANE": 0,
        "VALID": 0,
        "total": 29369
    },
    "percentage": {
        "ACTIVE": 99.97957029520923,
        "INACTIVE": 0.020429704790765772,
        "INVALID": 0.0,
        "MALICIOUS": 0.0,
        "SANE": 0.0,
        "VALID": 0.0,
        "total": 100.0
    }
}