{
    "counter": {
        "ACTIVE": 41471,
        "INACTIVE": 2,
        "INVALID": 0,
        "MALICIOUS": 0,
        "SANE": 0,
        "VALID": 0,
        "total": 41473
    },
    "percentage": {
        "ACTIVE": 99.99517758541703,
        "INACTIVE": 0.004822414582981699,
        "INVALID": 0.0,
        "MALICIOUS": 0.0,
        "SANE": 0.0,
        "VALID": 0.0,
        "total": 100.0
    }
}