{
    "counter": {
        "ACTIVE": 32780,
        "INACTIVE": 19,
        "INVALID": 0,
        "MALICIOUS": 0,
        "SANE": 0,
        "VALID": 0,
        "total": 32799
    },
    "percentage": {
        "ACTIVE": 99.942071404616,
        "INACTIVE": 0.05792859538400561,
        "INVALID": 0.0,
        "MALICIOUS": 0.0,
        "SANE": 0.0,
        "VALID": 0.0,
        "total": 100.0
    }
}