{
    "counter": {
        "ACTIVE": 41710,
        "INACTIVE": 40,
        "INVALID": 0,
        "MALICIOUS": 0,
        "SANE": 0,
        "VALID": 0,
        "total": 41750
    },
    "percentage": {
        "ACTIVE": 99.90419161676647,
        "INACTIVE": 0.09580838323353294,
        "INVALID": 0.0,
        "MALICIOUS": 0.0,
        "SANE": 0.0,
        "VALID": 0.0,
        "total": 100.0
    }
}