{
    "counter": {
        "ACTIVE": 43987,
        "INACTIVE": 2,
        "INVALID": 0,
        "MALICIOUS": 0,
        "SANE": 0,
        "VALID": 0,
        "total": 43989
    },
    "percentage": {
        "ACTIVE": 99.99545340880675,
        "INACTIVE": 0.004546591193252859,
        "INVALID": 0.0,
        "MALICIOUS": 0.0,
        "SANE": 0.0,
        "VALID": 0.0,
        "total": 100.0
    }
}