{
    "counter": {
        "ACTIVE": 43891,
        "INACTIVE": 1,
        "INVALID": 0,
        "MALICIOUS": 0,
        "SANE": 0,
        "VALID": 0,
        "total": 43892
    },
    "percentage": {
        "ACTIVE": 99.99772168048847,
        "INACTIVE": 0.0022783195115282967,
        "INVALID": 0.0,
        "MALICIOUS": 0.0,
        "SANE": 0.0,
        "VALID": 0.0,
        "total": 100.0
    }
}