{
    "counter": {
        "ACTIVE": 33637,
        "INACTIVE": 41,
        "INVALID": 0,
        "MALICIOUS": 0,
        "SANE": 0,
        "VALID": 0,
        "total": 33678
    },
    "percentage": {
        "ACTIVE": 99.87825880396699,
        "INACTIVE": 0.12174119603301858,
        "INVALID": 0.0,
        "MALICIOUS": 0.0,
        "SANE": 0.0,
        "VALID": 0.0,
        "total": 100.0
    }
}