{
    "counter": {
        "ACTIVE": 35590,
        "INACTIVE": 2,
        "INVALID": 0,
        "MALICIOUS": 0,
        "SANE": 0,
        "VALID": 0,
        "total": 35592
    },
    "percentage": {
        "ACTIVE": 99.99438075972128,
        "INACTIVE": 0.005619240278714317,
        "INVALID": 0.0,
        "MALICIOUS": 0.0,
        "SANE": 0.0,
        "VALID": 0.0,
        "total": 100.0
    }
}