{
    "counter": {
        "ACTIVE": 43934,
        "INACTIVE": 7,
        "INVALID": 0,
        "MALICIOUS": 0,
        "SANE": 0,
        "VALID": 0,
        "total": 43941
    },
    "percentage": {
        "ACTIVE": 99.98406954780273,
        "INACTIVE": 0.015930452197264515,
        "INVALID": 0.0,
        "MALICIOUS": 0.0,
        "SANE": 0.0,
        "VALID": 0.0,
        "total": 100.0
    }
}