{
    "counter": {
        "ACTIVE": 41534,
        "INACTIVE": 3,
        "INVALID": 0,
        "MALICIOUS": 0,
        "SANE": 0,
        "VALID": 0,
        "total": 41537
    },
    "percentage": {
        "ACTIVE": 99.99277752365361,
        "INACTIVE": 0.0072224763463899656,
        "INVALID": 0.0,
        "MALICIOUS": 0.0,
        "SANE": 0.0,
        "VALID": 0.0,
        "total": 100.0
    }
}