{
    "counter": {
        "ACTIVE": 29587,
        "INACTIVE": 28,
        "INVALID": 0,
        "MALICIOUS": 0,
        "SANE": 0,
        "VALID": 0,
        "total": 29615
    },
    "percentage": {
        "ACTIVE": 99.90545331757555,
        "INACTIVE": 0.09454668242444707,
        "INVALID": 0.0,
        "MALICIOUS": 0.0,
        "SANE": 0.0,
        "VALID": 0.0,
        "total": 100.0
    }
}