{
    "counter": {
        "ACTIVE": 29434,
        "INACTIVE": 3,
        "INVALID": 0,
        "MALICIOUS": 0,
        "SANE": 0,
        "VALID": 0,
        "total": 29437
    },
    "percentage": {
        "ACTIVE": 99.98980874409756,
        "INACTIVE": 0.010191255902435711,
        "INVALID": 0.0,
        "MALICIOUS": 0.0,
        "SANE": 0.0,
        "VALID": 0.0,
        "total": 100.0
    }
}