{
    "counter": {
        "ACTIVE": 43888,
        "INACTIVE": 6,
        "INVALID": 0,
        "MALICIOUS": 0,
        "SANE": 0,
        "VALID": 0,
        "total": 43894
    },
    "percentage": {
        "ACTIVE": 99.98633070579122,
        "INACTIVE": 0.013669294208775686,
        "INVALID": 0.0,
        "MALICIOUS": 0.0,
        "SANE": 0.0,
        "VALID": 0.0,
        "total": 100.0
    }
}