{
    "counter": {
        "ACTIVE": 42062,
        "INACTIVE": 20,
        "INVALID": 0,
        "MALICIOUS": 0,
        "SANE": 0,
        "VALID": 0,
        "total": 42082
    },
    "percentage": {
        "ACTIVE": 99.95247374174231,
        "INACTIVE": 0.04752625825768737,
        "INVALID": 0.0,
        "MALICIOUS": 0.0,
        "SANE": 0.0,
        "VALID": 0.0,
        "total": 100.0
    }
}