{
    "counter": {
        "ACTIVE": 43887,
        "INACTIVE": 2,
        "INVALID": 0,
        "MALICIOUS": 0,
        "SANE": 0,
        "VALID": 0,
        "total": 43889
    },
    "percentage": {
        "ACTIVE": 99.99544304951127,
        "INACTIVE": 0.00455695048873294,
        "INVALID": 0.0,
        "MALICIOUS": 0.0,
        "SANE": 0.0,
        "VALID": 0.0,
        "total": 100.0
    }
}