{
    "counter": {
        "ACTIVE": 32742,
        "INACTIVE": 1,
        "INVALID": 0,
        "MALICIOUS": 0,
        "SANE": 0,
        "VALID": 0,
        "total": 32743
    },
    "percentage": {
        "ACTIVE": 99.99694591210336,
        "INACTIVE": 0.0030540878966496656,
        "INVALID": 0.0,
        "MALICIOUS": 0.0,
        "SANE": 0.0,
        "VALID": 0.0,
        "total": 100.0
    }
}