{
    "counter": {
        "ACTIVE": 33793,
        "INACTIVE": 10,
        "INVALID": 0,
        "MALICIOUS": 0,
        "SANE": 0,
        "VALID": 0,
        "total": 33803
    },
    "percentage": {
        "ACTIVE": 99.97041682690886,
        "INACTIVE": 0.029583173091145755,
        "INVALID": 0.0,
        "MALICIOUS": 0.0,
        "SANE": 0.0,
        "VALID": 0.0,
        "total": 100.0
    }
}