{
    "counter": {
        "ACTIVE": 44027,
        "INACTIVE": 2,
        "INVALID": 0,
        "MALICIOUS": 0,
        "SANE": 0,
        "VALID": 0,
        "total": 44029
    },
    "percentage": {
        "ACTIVE": 99.99545753934906,
        "INACTIVE": 0.004542460650934612,
        "INVALID": 0.0,
        "MALICIOUS": 0.0,
        "SANE": 0.0,
        "VALID": 0.0,
        "total": 100.0
    }
}