{
    "counter": {
        "ACTIVE": 30285,
        "INACTIVE": 24,
        "INVALID": 0,
        "MALICIOUS": 0,
        "SANE": 0,
        "VALID": 0,
        "total": 30309
    },
    "percentage": {
        "ACTIVE": 99.92081559932693,
        "INACTIVE": 0.07918440067306741,
        "INVALID": 0.0,
        "MALICIOUS": 0.0,
        "SANE": 0.0,
        "VALID": 0.0,
        "total": 100.0
    }
}