{
    "counter": {
        "ACTIVE": 41537,
        "INACTIVE": 1,
        "INVALID": 0,
        "MALICIOUS": 0,
        "SANE": 0,
        "VALID": 0,
        "total": 41538
    },
    "percentage": {
        "ACTIVE": 99.99759256584332,
        "INACTIVE": 0.002407434156675815,
        "INVALID": 0.0,
        "MALICIOUS": 0.0,
        "SANE": 0.0,
        "VALID": 0.0,
        "total": 100.0
    }
}