{
    "counter": {
        "ACTIVE": 41487,
        "INACTIVE": 5,
        "INVALID": 0,
        "MALICIOUS": 0,
        "SANE": 0,
        "VALID": 0,
        "total": 41492
    },
    "percentage": {
        "ACTIVE": 99.98794948423793,
        "INACTIVE": 0.012050515762074616,
        "INVALID": 0.0,
        "MALICIOUS": 0.0,
        "SANE": 0.0,
        "VALID": 0.0,
        "total": 100.0
    }
}