{
    "counter": {
        "ACTIVE": 43989,
        "INACTIVE": 1,
        "INVALID": 0,
        "MALICIOUS": 0,
        "SANE": 0,
        "VALID": 0,
        "total": 43990
    },
    "percentage": {
        "ACTIVE": 99.99772675608092,
        "INACTIVE": 0.0022732439190725163,
        "INVALID": 0.0,
        "MALICIOUS": 0.0,
        "SANE": 0.0,
        "VALID": 0.0,
        "total": 100.0
    }
}