{
    "counter": {
        "ACTIVE": 41748,
        "INACTIVE": 11,
        "INVALID": 0,
        "MALICIOUS": 0,
        "SANE": 0,
        "VALID": 0,
        "total": 41759
    },
    "percentage": {
        "ACTIVE": 99.97365837304532,
        "INACTIVE": 0.026341626954668455,
        "INVALID": 0.0,
        "MALICIOUS": 0.0,
        "SANE": 0.0,
        "VALID": 0.0,
        "total": 100.0
    }
}