{
    "counter": {
        "ACTIVE": 41490,
        "INACTIVE": 11,
        "INVALID": 0,
        "MALICIOUS": 0,
        "SANE": 0,
        "VALID": 0,
        "total": 41501
    },
    "percentage": {
        "ACTIVE": 99.9734946145876,
        "INACTIVE": 0.0265053854123997,
        "INVALID": 0.0,
        "MALICIOUS": 0.0,
        "SANE": 0.0,
        "VALID": 0.0,
        "total": 100.0
    }
}