{
    "counter": {
        "ACTIVE": 36084,
        "INACTIVE": 5,
        "INVALID": 0,
        "MALICIOUS": 0,
        "SANE": 0,
        "VALID": 0,
        "total": 36089
    },
    "percentage": {
        "ACTIVE": 99.98614536285295,
        "INACTIVE": 0.01385463714705312,
        "INVALID": 0.0,
        "MALICIOUS": 0.0,
        "SANE": 0.0,
        "VALID": 0.0,
        "total": 100.0
    }
}