{
    "counter": {
        "ACTIVE": 42289,
        "INACTIVE": 69,
        "INVALID": 0,
        "MALICIOUS": 0,
        "SANE": 0,
        "VALID": 0,
        "total": 42358
    },
    "percentage": {
        "ACTIVE": 99.83710279050003,
        "INACTIVE": 0.16289720949997638,
        "INVALID": 0.0,
        "MALICIOUS": 0.0,
        "SANE": 0.0,
        "VALID": 0.0,
        "total": 100.0
    }
}