{
    "counter": {
        "ACTIVE": 43922,
        "INACTIVE": 4,
        "INVALID": 0,
        "MALICIOUS": 0,
        "SANE": 0,
        "VALID": 0,
        "total": 43926
    },
    "percentage": {
        "ACTIVE": 99.99089377589583,
        "INACTIVE": 0.009106224104175204,
        "INVALID": 0.0,
        "MALICIOUS": 0.0,
        "SANE": 0.0,
        "VALID": 0.0,
        "total": 100.0
    }
}