{
    "counter": {
        "ACTIVE": 41489,
        "INACTIVE": 8,
        "INVALID": 0,
        "MALICIOUS": 0,
        "SANE": 0,
        "VALID": 0,
        "total": 41497
    },
    "percentage": {
        "ACTIVE": 99.98072149793961,
        "INACTIVE": 0.019278502060389908,
        "INVALID": 0.0,
        "MALICIOUS": 0.0,
        "SANE": 0.0,
        "VALID": 0.0,
        "total": 100.0
    }
}