{
    "counter": {
        "ACTIVE": 42166,
        "INACTIVE": 31,
        "INVALID": 0,
        "MALICIOUS": 0,
        "SANE": 0,
        "VALID": 0,
        "total": 42197
    },
    "percentage": {
        "ACTIVE": 99.92653506173424,
        "INACTIVE": 0.0734649382657535,
        "INVALID": 0.0,
        "MALICIOUS": 0.0,
        "SANE": 0.0,
        "VALID": 0.0,
        "total": 100.0
    }
}