{
    "counter": {
        "ACTIVE": 41508,
        "INACTIVE": 14,
        "INVALID": 0,
        "MALICIOUS": 0,
        "SANE": 0,
        "VALID": 0,
        "total": 41522
    },
    "percentage": {
        "ACTIVE": 99.96628293434806,
        "INACTIVE": 0.033717065651943545,
        "INVALID": 0.0,
        "MALICIOUS": 0.0,
        "SANE": 0.0,
        "VALID": 0.0,
        "total": 100.0
    }
}