{
    "counter": {
        "ACTIVE": 33830,
        "INACTIVE": 15,
        "INVALID": 0,
        "MALICIOUS": 0,
        "SANE": 0,
        "VALID": 0,
        "total": 33845
    },
    "percentage": {
        "ACTIVE": 99.9556803072832,
        "INACTIVE": 0.044319692716797164,
        "INVALID": 0.0,
        "MALICIOUS": 0.0,
        "SANE": 0.0,
        "VALID": 0.0,
        "total": 100.0
    }
}