{
    "counter": {
        "ACTIVE": 42024,
        "INACTIVE": 14,
        "INVALID": 0,
        "MALICIOUS": 0,
        "SANE": 0,
        "VALID": 0,
        "total": 42038
    },
    "percentage": {
        "ACTIVE": 99.96669679813502,
        "INACTIVE": 0.0333032018649793,
        "INVALID": 0.0,
        "MALICIOUS": 0.0,
        "SANE": 0.0,
        "VALID": 0.0,
        "total": 100.0
    }
}