{
    "counter": {
        "ACTIVE": 43948,
        "INACTIVE": 7,
        "INVALID": 0,
        "MALICIOUS": 0,
        "SANE": 0,
        "VALID": 0,
        "total": 43955
    },
    "percentage": {
        "ACTIVE": 99.98407462177227,
        "INACTIVE": 0.01592537822773291,
        "INVALID": 0.0,
        "MALICIOUS": 0.0,
        "SANE": 0.0,
        "VALID": 0.0,
        "total": 100.0
    }
}