{
    "counter": {
        "ACTIVE": 41473,
        "INACTIVE": 11,
        "INVALID": 0,
        "MALICIOUS": 0,
        "SANE": 0,
        "VALID": 0,
        "total": 41484
    },
    "percentage": {
        "ACTIVE": 99.97348375277215,
        "INACTIVE": 0.02651624722784688,
        "INVALID": 0.0,
        "MALICIOUS": 0.0,
        "SANE": 0.0,
        "VALID": 0.0,
        "total": 100.0
    }
}