{
    "counter": {
        "ACTIVE": 41974,
        "INACTIVE": 50,
        "INVALID": 0,
        "MALICIOUS": 0,
        "SANE": 0,
        "VALID": 0,
        "total": 42024
    },
    "percentage": {
        "ACTIVE": 99.88102036931278,
        "INACTIVE": 0.11897963068722635,
        "INVALID": 0.0,
        "MALICIOUS": 0.0,
        "SANE": 0.0,
        "VALID": 0.0,
        "total": 100.0
    }
}