{
    "counter": {
        "ACTIVE": 44024,
        "INACTIVE": 3,
        "INVALID": 0,
        "MALICIOUS": 0,
        "SANE": 0,
        "VALID": 0,
        "total": 44027
    },
    "percentage": {
        "ACTIVE": 99.99318599950031,
        "INACTIVE": 0.00681400049969337,
        "INVALID": 0.0,
        "MALICIOUS": 0.0,
        "SANE": 0.0,
        "VALID": 0.0,
        "total": 100.0
    }
}