{
    "counter": {
        "ACTIVE": 41523,
        "INACTIVE": 2,
        "INVALID": 0,
        "MALICIOUS": 0,
        "SANE": 0,
        "VALID": 0,
        "total": 41525
    },
    "percentage": {
        "ACTIVE": 99.99518362432269,
        "INACTIVE": 0.00481637567730283,
        "INVALID": 0.0,
        "MALICIOUS": 0.0,
        "SANE": 0.0,
        "VALID": 0.0,
        "total": 100.0
    }
}