{
    "counter": {
        "ACTIVE": 43897,
        "INACTIVE": 2,
        "INVALID": 0,
        "MALICIOUS": 0,
        "SANE": 0,
        "VALID": 0,
        "total": 43899
    },
    "percentage": {
        "ACTIVE": 99.99544408756464,
        "INACTIVE": 0.004555912435362993,
        "INVALID": 0.0,
        "MALICIOUS": 0.0,
        "SANE": 0.0,
        "VALID": 0.0,
        "total": 100.0
    }
}