{
    "counter": {
        "ACTIVE": 32886,
        "INACTIVE": 10,
        "INVALID": 0,
        "MALICIOUS": 0,
        "SANE": 0,
        "VALID": 0,
        "total": 32896
    },
    "percentage": {
        "ACTIVE": 99.96960116731518,
        "INACTIVE": 0.030398832684824902,
        "INVALID": 0.0,
        "MALICIOUS": 0.0,
        "SANE": 0.0,
        "VALID": 0.0,
        "total": 100.0
    }
}