{
    "counter": {
        "ACTIVE": 43939,
        "INACTIVE": 9,
        "INVALID": 0,
        "MALICIOUS": 0,
        "SANE": 0,
        "VALID": 0,
        "total": 43948
    },
    "percentage": {
        "ACTIVE": 99.97952125238919,
        "INACTIVE": 0.020478747610812777,
        "INVALID": 0.0,
        "MALICIOUS": 0.0,
        "SANE": 0.0,
        "VALID": 0.0,
        "total": 100.0
    }
}