{
    "counter": {
        "ACTIVE": 31088,
        "INACTIVE": 1836,
        "INVALID": 0,
        "MALICIOUS": 0,
        "SANE": 0,
        "VALID": 0,
        "total": 32924
    },
    "percentage": {
        "ACTIVE": 94.42352083586441,
        "INACTIVE": 5.576479164135585,
        "INVALID": 0.0,
        "MALICIOUS": 0.0,
        "SANE": 0.0,
        "VALID": 0.0,
        "total": 100.0
    }
}