{
    "counter": {
        "ACTIVE": 43975,
        "INACTIVE": 2,
        "INVALID": 0,
        "MALICIOUS": 0,
        "SANE": 0,
        "VALID": 0,
        "total": 43977
    },
    "percentage": {
        "ACTIVE": 99.99545216817882,
        "INACTIVE": 0.004547831821179253,
        "INVALID": 0.0,
        "MALICIOUS": 0.0,
        "SANE": 0.0,
        "VALID": 0.0,
        "total": 100.0
    }
}