{
    "counter": {
        "ACTIVE": 43895,
        "INACTIVE": 6,
        "INVALID": 0,
        "MALICIOUS": 0,
        "SANE": 0,
        "VALID": 0,
        "total": 43901
    },
    "percentage": {
        "ACTIVE": 99.9863328853557,
        "INACTIVE": 0.013667114644313342,
        "INVALID": 0.0,
        "MALICIOUS": 0.0,
        "SANE": 0.0,
        "VALID": 0.0,
        "total": 100.0
    }
}