{
    "counter": {
        "ACTIVE": 43993,
        "INACTIVE": 1,
        "INVALID": 0,
        "MALICIOUS": 0,
        "SANE": 0,
        "VALID": 0,
        "total": 43994
    },
    "percentage": {
        "ACTIVE": 99.99772696276764,
        "INACTIVE": 0.002273037232349866,
        "INVALID": 0.0,
        "MALICIOUS": 0.0,
        "SANE": 0.0,
        "VALID": 0.0,
        "total": 100.0
    }
}