{
    "counter": {
        "ACTIVE": 43927,
        "INACTIVE": 2,
        "INVALID": 0,
        "MALICIOUS": 0,
        "SANE": 0,
        "VALID": 0,
        "total": 43929
    },
    "percentage": {
        "ACTIVE": 99.99544719888911,
        "INACTIVE": 0.004552801110883471,
        "INVALID": 0.0,
        "MALICIOUS": 0.0,
        "SANE": 0.0,
        "VALID": 0.0,
        "total": 100.0
    }
}