{
    "counter": {
        "ACTIVE": 43955,
        "INACTIVE": 10,
        "INVALID": 0,
        "MALICIOUS": 0,
        "SANE": 0,
        "VALID": 0,
        "total": 43965
    },
    "percentage": {
        "ACTIVE": 99.97725463436825,
        "INACTIVE": 0.02274536563175253,
        "INVALID": 0.0,
        "MALICIOUS": 0.0,
        "SANE": 0.0,
        "VALID": 0.0,
        "total": 100.0
    }
}