{
    "counter": {
        "ACTIVE": 43969,
        "INACTIVE": 3,
        "INVALID": 0,
        "MALICIOUS": 0,
        "SANE": 0,
        "VALID": 0,
        "total": 43972
    },
    "percentage": {
        "ACTIVE": 99.99317747657601,
        "INACTIVE": 0.006822523423997089,
        "INVALID": 0.0,
        "MALICIOUS": 0.0,
        "SANE": 0.0,
        "VALID": 0.0,
        "total": 100.0
    }
}