{
    "counter": {
        "ACTIVE": 43894,
        "INACTIVE": 4,
        "INVALID": 0,
        "MALICIOUS": 0,
        "SANE": 0,
        "VALID": 0,
        "total": 43898
    },
    "percentage": {
        "ACTIVE": 99.99088796756116,
        "INACTIVE": 0.009112032438835483,
        "INVALID": 0.0,
        "MALICIOUS": 0.0,
        "SANE": 0.0,
        "VALID": 0.0,
        "total": 100.0
    }
}