{
    "counter": {
        "ACTIVE": 43919,
        "INACTIVE": 19,
        "INVALID": 0,
        "MALICIOUS": 0,
        "SANE": 0,
        "VALID": 0,
        "total": 43938
    },
    "percentage": {
        "ACTIVE": 99.95675724885065,
        "INACTIVE": 0.04324275114934681,
        "INVALID": 0.0,
        "MALICIOUS": 0.0,
        "SANE": 0.0,
        "VALID": 0.0,
        "total": 100.0
    }
}