{
    "counter": {
        "ACTIVE": 42268,
        "INACTIVE": 48,
        "INVALID": 0,
        "MALICIOUS": 0,
        "SANE": 0,
        "VALID": 0,
        "total": 42316
    },
    "percentage": {
        "ACTIVE": 99.88656772851877,
        "INACTIVE": 0.11343227148123641,
        "INVALID": 0.0,
        "MALICIOUS": 0.0,
        "SANE": 0.0,
        "VALID": 0.0,
        "total": 100.0
    }
}