{
    "counter": {
        "ACTIVE": 43899,
        "INACTIVE": 1,
        "INVALID": 0,
        "MALICIOUS": 0,
        "SANE": 0,
        "VALID": 0,
        "total": 43900
    },
    "percentage": {
        "ACTIVE": 99.99772209567197,
        "INACTIVE": 0.002277904328018223,
        "INVALID": 0.0,
        "MALICIOUS": 0.0,
        "SANE": 0.0,
        "VALID": 0.0,
        "total": 100.0
    }
}