{
    "counter": {
        "ACTIVE": 43992,
        "INACTIVE": 1,
        "INVALID": 0,
        "MALICIOUS": 0,
        "SANE": 0,
        "VALID": 0,
        "total": 43993
    },
    "percentage": {
        "ACTIVE": 99.99772691109949,
        "INACTIVE": 0.002273088900506899,
        "INVALID": 0.0,
        "MALICIOUS": 0.0,
        "SANE": 0.0,
        "VALID": 0.0,
        "total": 100.0
    }
}