{
    "counter": {
        "ACTIVE": 34646,
        "INACTIVE": 1,
        "INVALID": 0,
        "MALICIOUS": 0,
        "SANE": 0,
        "VALID": 0,
        "total": 34647
    },
    "percentage": {
        "ACTIVE": 99.99711374722199,
        "INACTIVE": 0.002886252778018299,
        "INVALID": 0.0,
        "MALICIOUS": 0.0,
        "SANE": 0.0,
        "VALID": 0.0,
        "total": 100.0
    }
}